{"stats":{"minecraft:killed_by":{"minecraft:creeper":1},"minecraft:custom":{"minecraft:jump":97,"minecraft:time_since_rest":19503,"minecraft:damage_taken":445,"minecraft:leave_game":1,"minecraft:crouch_one_cm":73,"minecraft:time_since_death":21902,"minecraft:play_time":41099,"minecraft:sprint_one_cm":6410,"minecraft:walk_one_cm":7160,"minecraft:walk_on_water_one_cm":250,"minecraft:deaths":1,"minecraft:sneak_time":29,"minecraft:total_world_time":41099,"minecraft:fall_one_cm":3515,"minecraft:fly_one_cm":19536}},"DataVersion":3465}