{"stats":{"minecraft:killed_by":{"minecraft:creeper":1},"minecraft:custom":{"minecraft:jump":61,"minecraft:time_since_rest":9334,"minecraft:leave_game":1,"minecraft:deaths":1,"minecraft:crouch_one_cm":68,"minecraft:walk_on_water_one_cm":250,"minecraft:sprint_one_cm":4868,"minecraft:play_time":30930,"minecraft:damage_taken":385,"minecraft:time_since_death":11733,"minecraft:walk_one_cm":5601,"minecraft:sneak_time":21,"minecraft:total_world_time":30930,"minecraft:fall_one_cm":1344,"minecraft:fly_one_cm":14052}},"DataVersion":3465}