{"stats":{"minecraft:mined":{"minecraft:grass":1,"minecraft:grass_block":1,"biomesoplenty:willow_log":5,"minecraft:fern":5},"minecraft:dropped":{"minecraft:wheat_seeds":3},"minecraft:killed_by":{"born_in_chaos_v1:decaying_zombie":1},"minecraft:used":{"minecraft:crafting_table":1},"minecraft:picked_up":{"biomesoplenty:willow_log":5,"minecraft:wheat_seeds":2},"minecraft:crafted":{"minecraft:crafting_table":1,"biomesoplenty:willow_planks":20},"minecraft:custom":{"minecraft:time_since_rest":3211,"minecraft:sprint_one_cm":8049,"minecraft:play_time":4578,"minecraft:walk_one_cm":18076,"minecraft:damage_taken":248,"minecraft:deaths":1,"minecraft:sneak_time":15,"minecraft:walk_under_water_one_cm":525,"minecraft:drop":3,"minecraft:jump":74,"minecraft:damage_dealt":131,"minecraft:leave_game":1,"minecraft:time_since_death":3536,"minecraft:walk_on_water_one_cm":485,"minecraft:total_world_time":4578,"minecraft:interact_with_crafting_table":2,"minecraft:swim_one_cm":3657,"minecraft:fly_one_cm":11777,"minecraft:fall_one_cm":1790}},"DataVersion":3465}