{"stats":{"minecraft:killed_by":{"minecraft:creeper":1},"minecraft:used":{"alexsmobs:animal_dictionary":7},"minecraft:dropped":{"minecraft:sand":13},"minecraft:custom":{"minecraft:jump":145,"minecraft:time_since_rest":31503,"minecraft:damage_dealt":69,"minecraft:damage_taken":495,"minecraft:leave_game":1,"minecraft:crouch_one_cm":507,"minecraft:time_since_death":33902,"minecraft:play_time":53099,"minecraft:sprint_one_cm":10823,"minecraft:walk_one_cm":24062,"minecraft:walk_on_water_one_cm":250,"minecraft:deaths":1,"minecraft:sneak_time":254,"minecraft:total_world_time":53099,"minecraft:drop":13,"minecraft:fall_one_cm":4174,"minecraft:fly_one_cm":31273}},"DataVersion":3465}