{"stats":{"minecraft:mined":{"minecraft:grass":2},"minecraft:dropped":{"tombstone:grave_key":1},"minecraft:killed_by":{"minecraft:zombie":1,"alexsmobs:tusklin":1},"minecraft:used":{"tombstone:gift":2,"alexsmobs:animal_dictionary":2},"minecraft:picked_up":{"minecraft:bone":1,"tombstone:grave_key":1,"minecraft:gunpowder":2,"minecraft:snowball":21,"minecraft:dirt":17},"minecraft:custom":{"minecraft:time_since_rest":2331,"minecraft:crouch_one_cm":145,"minecraft:sprint_one_cm":33290,"minecraft:play_time":22081,"minecraft:deaths":2,"minecraft:damage_taken":640,"minecraft:walk_one_cm":31601,"minecraft:sneak_time":54,"minecraft:mob_kills":1,"minecraft:drop":1,"minecraft:damage_dealt_resisted":12,"minecraft:jump":337,"minecraft:damage_dealt":256,"minecraft:leave_game":7,"minecraft:time_since_death":4730,"minecraft:total_world_time":22081,"minecraft:fall_one_cm":7590,"minecraft:fly_one_cm":90416}},"DataVersion":3465}