{"stats":{"minecraft:custom":{"minecraft:jump":191,"minecraft:time_since_rest":557,"minecraft:deaths":1,"minecraft:damage_dealt":214,"minecraft:crouch_one_cm":131,"minecraft:leave_game":3,"minecraft:play_time":10831,"minecraft:sprint_one_cm":19882,"minecraft:damage_taken":255,"minecraft:time_since_death":1149,"minecraft:walk_one_cm":19530,"minecraft:sneak_time":50,"minecraft:total_world_time":10831,"minecraft:drop":1,"minecraft:fall_one_cm":627,"minecraft:fly_one_cm":52338},"minecraft:dropped":{"tombstone:grave_key":1},"minecraft:killed_by":{"minecraft:zombie":1},"minecraft:picked_up":{"tombstone:grave_key":1},"minecraft:used":{"tombstone:gift":2,"alexsmobs:animal_dictionary":1}},"DataVersion":3465}