{"stats":{"minecraft:mined":{"minecraft:grass":2},"minecraft:dropped":{"tombstone:grave_key":1},"minecraft:killed_by":{"minecraft:creeper":1,"minecraft:zombie":1,"alexsmobs:tusklin":1},"minecraft:used":{"tombstone:gift":2,"alexsmobs:animal_dictionary":2},"minecraft:picked_up":{"minecraft:bone":1,"tombstone:grave_key":1,"minecraft:gunpowder":2,"minecraft:snowball":21,"minecraft:dirt":17},"minecraft:custom":{"minecraft:time_since_rest":1,"minecraft:crouch_one_cm":147,"minecraft:sprint_one_cm":33290,"minecraft:play_time":28708,"minecraft:deaths":3,"minecraft:damage_taken":870,"minecraft:walk_one_cm":33142,"minecraft:sneak_time":56,"minecraft:mob_kills":1,"minecraft:drop":1,"minecraft:damage_dealt_resisted":12,"minecraft:jump":337,"minecraft:damage_dealt":256,"minecraft:leave_game":8,"minecraft:time_since_death":2099,"minecraft:total_world_time":28708,"minecraft:fall_one_cm":7590,"minecraft:fly_one_cm":90774}},"DataVersion":3465}