{"stats":{"minecraft:mined":{"minecraft:grass":21,"chococraft:gysahl_green":1,"biomesoplenty:spanish_moss":2,"biomesoplenty:willow_log":6,"minecraft:crafting_table":1,"minecraft:fern":39},"minecraft:killed":{"minecraft:pig":2,"born_in_chaos_v1:decrepit_skeleton":1},"minecraft:used":{"minecraft:wooden_sword":32,"minecraft:crafting_table":1,"minecraft:porkchop":1,"chococraft:gysahl_green":2,"alexsmobs:animal_dictionary":1},"minecraft:picked_up":{"minecraft:crafting_table":1,"minecraft:bone":1,"chococraft:gysahl_green":2,"minecraft:rotten_flesh":2,"biomesoplenty:willow_log":6,"minecraft:wheat_seeds":3,"minecraft:porkchop":6,"chococraft:gysahl_green_seeds":1},"minecraft:crafted":{"minecraft:wooden_sword":1,"minecraft:crafting_table":1,"biomesoplenty:willow_planks":24,"minecraft:stick":4,"minecraft:wooden_pickaxe":1},"minecraft:custom":{"minecraft:time_since_rest":5652,"minecraft:play_time":5652,"minecraft:sprint_one_cm":10651,"minecraft:damage_taken":140,"tombstone:undead_killed":1,"minecraft:walk_one_cm":17269,"minecraft:walk_under_water_one_cm":983,"minecraft:mob_kills":3,"minecraft:damage_dealt_resisted":17,"minecraft:jump":68,"minecraft:damage_dealt":561,"minecraft:walk_on_water_one_cm":3360,"minecraft:time_since_death":5652,"minecraft:total_world_time":5652,"minecraft:interact_with_crafting_table":2,"minecraft:fly_one_cm":5866,"minecraft:fall_one_cm":478}},"DataVersion":3465}