{"stats":{"minecraft:mined":{"minecraft:grass":2,"biomesoplenty:spanish_moss":1,"minecraft:grass_block":3,"minecraft:sand":2,"minecraft:dirt":3,"minecraft:stone":16,"biomesoplenty:willow_log":9,"minecraft:fern":4},"minecraft:picked_up":{"biomesoplenty:willow_log":9,"minecraft:sand":2,"minecraft:dirt":6,"minecraft:cobblestone":16},"minecraft:used":{"biomesoplenty:willow_log":1,"minecraft:sand":2,"minecraft:dirt":1,"minecraft:crafting_table":1,"alexsmobs:animal_dictionary":1,"minecraft:wooden_pickaxe":16},"minecraft:crafted":{"minecraft:crafting_table":1,"biomesoplenty:willow_planks":32,"minecraft:stick":8,"minecraft:wooden_pickaxe":1},"minecraft:custom":{"minecraft:time_since_rest":5521,"minecraft:crouch_one_cm":812,"minecraft:sprint_one_cm":3235,"minecraft:play_time":5521,"minecraft:walk_one_cm":12467,"minecraft:sneak_time":180,"minecraft:jump":85,"minecraft:leave_game":1,"minecraft:time_since_death":5521,"minecraft:total_world_time":5521,"minecraft:interact_with_crafting_table":1,"minecraft:fall_one_cm":1850,"minecraft:fly_one_cm":3139}},"DataVersion":3465}