{"stats":{"minecraft:mined":{"minecraft:grass":1,"minecraft:grass_block":1,"minecraft:sand":2,"minecraft:fern":1},"minecraft:used":{"alexsmobs:animal_dictionary":1,"minecraft:dirt":1,"minecraft:sand":2},"minecraft:picked_up":{"minecraft:sand":2,"minecraft:dirt":1},"minecraft:custom":{"minecraft:jump":57,"minecraft:time_since_rest":1963,"minecraft:leave_game":1,"minecraft:crouch_one_cm":51,"minecraft:sprint_one_cm":3235,"minecraft:play_time":1963,"minecraft:time_since_death":1963,"minecraft:walk_one_cm":6819,"minecraft:sneak_time":5,"minecraft:total_world_time":1963,"minecraft:fall_one_cm":1850,"minecraft:fly_one_cm":3139}},"DataVersion":3465}